1224755,
1110942,
1049830,
1020812,
1234357,
1234987,
1235005,
1236598,
1234336,
1234349,
1234355,
1234356,
1234989,
1235007,
1235840,
1234350,
1234353,
1235825,
983839,
932618,
1224749,
1224758,
1223077,"Oak Ridge National Lab. (ORNL), Oak Ridge, TN (United States)"
1225432,"Oak Ridge National Lab. (ORNL), Oak Ridge, TN (United States)"
1225433,
1223640,"Oak Ridge National Lab. (ORNL), Oak Ridge, TN (United States)"
1223641,"Oak Ridge National Lab. (ORNL), Oak Ridge, TN (United States)"
1223642,"Oak Ridge National Lab. (ORNL), Oak Ridge, TN (United States)"
1223650,"Oak Ridge National Lab. (ORNL), Oak Ridge, TN (United States)"
1223652,"Oak Ridge National Lab. (ORNL), Oak Ridge, TN (United States)"
1223654,"Oak Ridge National Lab. (ORNL), Oak Ridge, TN (United States)"
1223657,"Oak Ridge National Lab. (ORNL), Oak Ridge, TN (United States)"
1223675,"Oak Ridge National Lab. (ORNL), Oak Ridge, TN (United States)"
1223676,
1223677,"Oak Ridge National Lab. (ORNL), Oak Ridge, TN (United States)"
1224164,"Oak Ridge National Lab. (ORNL), Oak Ridge, TN (United States)"
1222574,
1234354,
1235001,
1222570,
986382,
1215605,
1224174,"Oak Ridge National Lab. (ORNL), Oak Ridge, TN (United States)"
1214505,
1214515,
1214517,
1214518,
1214023,
1214025,
1215565,
1215575,
1224756,
1224757,
1221739,"Oak Ridge National Lab. (ORNL), Oak Ridge, TN (United States)"
1221740,"Oak Ridge National Lab. (ORNL), Oak Ridge, TN (United States)"
1221741,"Oak Ridge National Lab. (ORNL), Oak Ridge, TN (United States)"
1221742,"Oak Ridge National Lab. (ORNL), Oak Ridge, TN (United States)"
1221743,"Oak Ridge National Lab. (ORNL), Oak Ridge, TN (United States)"
1221744,"Oak Ridge National Lab. (ORNL), Oak Ridge, TN (United States)"
1223084,"Oak Ridge National Lab. (ORNL), Oak Ridge, TN (United States)"
1223085,"Oak Ridge National Lab. (ORNL), Oak Ridge, TN (United States)"
1222564,
1225415,"Oak Ridge National Lab. (ORNL), Oak Ridge, TN (United States)"
1222563,
1222572,
1222573,
1223668,"Oak Ridge National Lab. (ORNL), Oak Ridge, TN (United States)"
1234344,
1235837,
1236591,
1214514,
1213353,"Oak Ridge National Lab. (ORNL), Oak Ridge, TN (United States)"
1213354,"Oak Ridge National Lab. (ORNL), Oak Ridge, TN (United States)"
1212353,
1214028,
1209212,
1209199,
1209210,
1209213,
1210162,"Oak Ridge National Lab. (ORNL), Oak Ridge, TN (United States)"
1213346,"Oak Ridge National Lab. (ORNL), Oak Ridge, TN (United States)"
1213349,"Oak Ridge National Lab. (ORNL), Oak Ridge, TN (United States)"
1212342,
1214036,
1214037,
1215604,
1215606,
1212369,"Oak Ridge National Lab. (ORNL), Oak Ridge, TN (United States)"
1212371,"Oak Ridge National Lab. (ORNL), Oak Ridge, TN (United States)"
1221738,"Oak Ridge National Lab. (ORNL), Oak Ridge, TN (United States)"
1223081,"Oak Ridge National Lab. (ORNL), Oak Ridge, TN (United States). Building Technologies Research and Integration Center (BTRIC)"
1222567,
1214031,
1210157,"Oak Ridge National Lab. (ORNL), Oak Ridge, TN (United States)"
970887,
1209214,
1209215,
1207056,
1207057,
1195814,"Oak Ridge National Lab. (ORNL), Oak Ridge, TN (United States)"
1201294,"Oak Ridge National Lab. (ORNL), Oak Ridge, TN (United States)"
1214506,
1215587,
1212367,"Oak Ridge National Lab. (ORNL), Oak Ridge, TN (United States)"
1223078,"Oak Ridge National Lab. (ORNL), Oak Ridge, TN (United States)"
1223079,
969954,
1185969,"Oak Ridge National Lab. (ORNL), Oak Ridge, TN (United States). Building Technologies Research and Integration Center (BTRIC)"
1186004,"Oak Ridge National Lab. (ORNL), Oak Ridge, TN (United States). Building Technologies Research and Integration Center (BTRIC)"
1187917,"Oak Ridge National Lab. (ORNL), Oak Ridge, TN (United States)"
1214508,
1186001,
1213990,
1214026,
1185638,"Oak Ridge National Lab. (ORNL), Oak Ridge, TN (United States)"
1185983,
1210154,"Oak Ridge National Lab. (ORNL), Oak Ridge, TN (United States)"
1185975,"Oak Ridge National Lab. (ORNL), Oak Ridge, TN (United States)"
1185997,"Oak Ridge National Lab. (ORNL), Oak Ridge, TN (United States). Fuels, Engines and Emissions Research Center; National Transportation Research Center (NTRC)"
1187907,"Oak Ridge National Lab. (ORNL), Oak Ridge, TN (United States)"
1210158,"Oak Ridge National Lab. (ORNL), Oak Ridge, TN (United States)"
1212346,
1210149,"Oak Ridge National Lab. (ORNL), Oak Ridge, TN (United States)"
1221729,"Oak Ridge National Lab. (ORNL), Oak Ridge, TN (United States)"
1179077,
1210147,"Oak Ridge National Lab. (ORNL), Oak Ridge, TN (United States)"
1210155,"Oak Ridge National Lab. (ORNL), Oak Ridge, TN (United States)"
1185376,"Oak Ridge National Lab. (ORNL), Oak Ridge, TN (United States)"
1185865,"Oak Ridge National Lab. (ORNL), Oak Ridge, TN (United States)"
1185870,"Oak Ridge National Lab. (ORNL), Oak Ridge, TN (United States). Building Technologies Research and Integration Center (BTRIC)"
1185945,"Oak Ridge National Lab. (ORNL), Oak Ridge, TN (United States)"
1185976,"Oak Ridge National Lab. (ORNL), Oak Ridge, TN (United States)"
1209206,
1214007,
1224168,"Oak Ridge National Lab. (ORNL), Oak Ridge, TN (United States)"
1234327,
1210142,"Oak Ridge National Lab. (ORNL), Oak Ridge, TN (United States)"
1212356,"Oak Ridge National Lab. (ORNL), Oak Ridge, TN (United States)"
1224167,"Oak Ridge National Lab. (ORNL), Oak Ridge, TN (United States). Manufacturing Demonstration Facility (MDF)"
1224158,"Oak Ridge National Lab. (ORNL), Oak Ridge, TN (United States). Manufacturing Demonstration Facility (MDF)"
1210140,"Oak Ridge National Lab. (ORNL), Oak Ridge, TN (United States). Manufacturing Demonstration Facility (MDF)"
1185773,
1185868,"Oak Ridge National Lab. (ORNL), Oak Ridge, TN (United States)"
1185903,"Oak Ridge National Lab. (ORNL), Oak Ridge, TN (United States). High Flux Isotope Reactor (HFIR)"
1185937,"Oak Ridge National Lab. (ORNL), Oak Ridge, TN (United States)"
1185940,"Oak Ridge National Lab. (ORNL), Oak Ridge, TN (United States)"
1185941,"Oak Ridge National Lab. (ORNL), Oak Ridge, TN (United States)"
1185949,"Oak Ridge National Lab. (ORNL), Oak Ridge, TN (United States)"
1185964,"Oak Ridge National Lab. (ORNL), Oak Ridge, TN (United States).Fuels, Engines and Emissions Research Center; National Transportation Research Center (NTRC)"
1185998,
1195803,
1209200,
1209207,
1210141,"Oak Ridge National Lab. (ORNL), Oak Ridge, TN (United States)"
1185957,"Oak Ridge National Lab. (ORNL), Oak Ridge, TN (United States)"
1213994,
1223074,"Oak Ridge National Lab. (ORNL), Oak Ridge, TN (United States)"
1223653,"Oak Ridge National Lab. (ORNL), Oak Ridge, TN (United States)"
1223655,"Oak Ridge National Lab. (ORNL), Oak Ridge, TN (United States)"
1185741,"Oak Ridge National Lab. (ORNL), Oak Ridge, TN (United States). Manufacturing Demonstration Facility (MDF)"
1185890,"Oak Ridge National Lab. (ORNL), Oak Ridge, TN (United States)"
1187915,
1210139,"Oak Ridge National Lab. (ORNL), Oak Ridge, TN (United States)"
1185943,
1185693,"Oak Ridge National Lab. (ORNL), Oak Ridge, TN (United States)"
1185930,"Oak Ridge National Lab. (ORNL), Oak Ridge, TN (United States). Spallation Neutron Source (SNS)"
1221722,"Oak Ridge National Lab. (ORNL), Oak Ridge, TN (United States)"
1223638,"Oak Ridge National Lab. (ORNL), Oak Ridge, TN (United States)"
1195819,
1185635,"Oak Ridge National Lab. (ORNL), Oak Ridge, TN (United States). Building Technologies Research and Integration Center (BTRIC)"
1185778,"Oak Ridge National Lab. (ORNL), Oak Ridge, TN (United States)"
1185852,"Oak Ridge National Lab. (ORNL), Oak Ridge, TN (United States)"
1185853,"Oak Ridge National Lab. (ORNL), Oak Ridge, TN (United States)"
1185876,"Oak Ridge National Lab. (ORNL), Oak Ridge, TN (United States)"
1185882,"Oak Ridge National Lab. (ORNL), Oak Ridge, TN (United States)"
1185904,
1185891,"Oak Ridge National Lab. (ORNL), Oak Ridge, TN (United States). Spallation Neutron Source (SNS)"
1185624,
1185844,"Oak Ridge National Lab. (ORNL), Oak Ridge, TN (United States)"
1221725,"Oak Ridge National Lab. (ORNL), Oak Ridge, TN (United States)"
931053,
1224744,
930942,
930743,
1195817,
1185822,"Oak Ridge National Lab. (ORNL), Oak Ridge, TN (United States). National Transportation Research Center (NTRC)"
1195818,"Oak Ridge National Lab. (ORNL), Oak Ridge, TN (United States)"
1214496,
1213320,
1212351,"Oak Ridge National Lab. (ORNL), Oak Ridge, TN (United States)"
1185680,"Oak Ridge National Lab. (ORNL), Oak Ridge, TN (United States)"
1185723,"Oak Ridge National Lab. (ORNL), Oak Ridge, TN (United States). Spallation Neutron Source (SNS)"
1164260,
1185458,"Oak Ridge National Lab. (ORNL), Oak Ridge, TN (United States)"
1185600,
1185665,
1185678,"Oak Ridge National Lab. (ORNL), Oak Ridge, TN (United States). Building Technologies Research and Integration Center (BTRIC)"
1185711,"Oak Ridge National Lab. (ORNL), Oak Ridge, TN (United States); National Transportation Research Center (NTRC); Power Electronics and Electric Machinery Research Facility"
1185731,"Oak Ridge National Lab. (ORNL), Oak Ridge, TN (United States). Building Technologies Research and Integration Center (BTRIC)"
1212364,
1163912,
1121819,
1185618,"Oak Ridge National Lab. (ORNL), Oak Ridge, TN (United States)"
1185647,
1185682,"Oak Ridge National Lab. (ORNL), Oak Ridge, TN (United States).High Flux Isotope Reactor (HFIR); High Temperature Materials Laboratory (HTML); Spallation Neutron Source"
1185708,
1185718,"Oak Ridge National Lab. (ORNL), Oak Ridge, TN (United States). Building Technologies Research and Integration Center (BTRIC)"
1185726,"Oak Ridge National Lab. (ORNL), Oak Ridge, TN (United States)"
1185730,
1185742,
1212350,"Oak Ridge National Lab. (ORNL), Oak Ridge, TN (United States)"
1210130,"Oak Ridge National Lab. (ORNL), Oak Ridge, TN (United States)"
1185560,"Oak Ridge National Lab. (ORNL), Oak Ridge, TN (United States)"
1160343,
1160273,
1160345,
1185654,"Oak Ridge National Lab. (ORNL), Oak Ridge, TN (United States). Manufacturing Demonstration Facility (MDF)"
1210128,"Oak Ridge National Lab. (ORNL), Oak Ridge, TN (United States)"
1164258,
1224159,"Oak Ridge National Lab. (ORNL), Oak Ridge, TN (United States)"
1223066,"Oak Ridge National Lab. (ORNL), Oak Ridge, TN (United States)"
1223070,"Oak Ridge National Lab. (ORNL), Oak Ridge, TN (United States)"
1223633,"Oak Ridge National Lab. (ORNL), Oak Ridge, TN (United States)"
1223637,
1223639,"Oak Ridge National Lab. (ORNL), Oak Ridge, TN (United States)"
1223643,"Oak Ridge National Lab. (ORNL), Oak Ridge, TN (United States)"
1163889,
1160346,
1160338,
1185525,"Oak Ridge National Lab. (ORNL), Oak Ridge, TN (United States)"
1187910,
1160265,
1162052,
1187912,"Oak Ridge National Lab. (ORNL), Oak Ridge, TN (United States)"
1157588,
1148550,
1149413,
1134712,
932613,
1185535,"Oak Ridge National Lab. (ORNL), Oak Ridge, TN (United States). Building Technologies Research and Integration Center (BTRIC)"
1148692,
1133475,
1127392,
1148334,
1148690,
1133491,
1170200,
1185398,"Oak Ridge National Lab. (ORNL), Oak Ridge, TN (United States)"
1185415,"Oak Ridge National Lab. (ORNL), Oak Ridge, TN (United States)"
1127388,
1220375,
1126563,
1146986,
1126551,
1126554,
1126555,
1126557,
1126559,
1126560,
1126561,
1126562,
1126564,
1126565,
1126566,
1126567,
1126568,
1126569,
1126570,
1126571,
1126572,
1126573,
1126574,
1126575,
1126978,
1148694,
1163909,
1215566,
1146987,
1118760,
1120456,
1120460,
1121183,
1126977,
1120147,
1148329,
1147164,
1185373,"Oak Ridge National Lab. (ORNL), Oak Ridge, TN (United States). Building Technologies Research and Integration Center (BTRIC)"
1185392,"Oak Ridge National Lab. (ORNL), Oak Ridge, TN (United States). Building Technologies Research and Integration Center (BTRIC)"
1111447,
1113692,
1114278,
1117468,
1147161,
1060885,
1110805,
1210127,"Oak Ridge National Lab. (ORNL), Oak Ridge, TN (United States)"
1154798,
1110845,
1111446,
1113686,
1113687,
1113688,
1113691,
1113693,
1122669,
1122690,
1122692,
14624,"Oak Ridge National Lab., TN (US)"
14603,"Oak Ridge National Lab., TN (US)"
14605,"Oak Ridge National Lab., TN (US)"
1148348,
1104795,
1105937,
1105948,
1105949,
1107839,
1107841,
1107842,
1110872,
1110977,
1111445,
1105988,
1105981,
1105992,
14337,"Oak Ridge National Lab., TN (US)"
1154645,
1125016,
1096324,
1185367,"Oak Ridge National Lab. (ORNL), Oak Ridge, TN (United States)"
1185372,
1221064,
1221065,
1143550,
1095639,
1095669,
1096281,
1096290,
1096323,
1096325,
1097486,
1097492,
1097493,
1097494,
1097495,
1098176,
1098191,
1104813,
1110927,
1110966,
1221074,"Oak Ridge National Lab. (ORNL), Oak Ridge, TN (United States)"
1136792,
1092302,
1093096,
1095157,
1095161,
1095628,
1095662,
1095665,
1096318,
1097490,
1105920,
1110968,
1128969,
814352,
1146985,
1089338,
1089777,
1089785,
1091652,
1091658,
1091660,
1092255,
1092298,
1093088,
1093099,
1095715,
1095717,
1095726,
1136793,
1154652,
1087046,
1087498,
1089250,
1089331,
1093743,
1149392,
777699,"Oak Ridge National Lab., TN (US)"
1083000,
1083739,
1086643,
1087044,
1087045,
1087054,
1089232,
1128959,
1128960,
1128962,
1128964,
1128965,
1080358,
814224,
1201298,"Oak Ridge National Lab. (ORNL), Oak Ridge, TN (United States)"
1079284,
1079287,
1080248,
1080252,
1082100,
1126954,
1128963,
814274,
814350,
1077199,
1072153,
1072995,
1076912,
1068745,
1072149,
1072152,
1073000,
1170199,
14618,"Oak Ridge National Lab., TN (US)"
14620,"Oak Ridge National Lab., TN (US)"
14622,"Oak Ridge National Lab., TN (US)"
14623,"Oak Ridge National Lab., TN (US)"
14625,"Oak Ridge National Lab., TN (US)"
14626,"Oak Ridge National Lab., TN (US)"
14627,"Oak Ridge National Lab., TN (US)"
14628,"Oak Ridge National Lab., TN (US)"
14604,"Oak Ridge National Lab., TN (US)"
14606,"Oak Ridge National Lab., TN (US)"
14607,"Oak Ridge National Lab., TN (US)"
14609,"Oak Ridge National Lab., TN (US)"
14610,"Oak Ridge National Lab., TN (US)"
14612,"Oak Ridge National Lab., TN (US)"
14613,"Oak Ridge National Lab., TN (US)"
14614,"Oak Ridge National Lab., TN (US)"
14617,"Oak Ridge National Lab., TN (US)"
1062614,
1062616,
1067309,
1067311,
1067312,
1068740,
1073678,
1076906,
1089800,
1095707,
1073610,
1151883,
1059346,
1060248,
1060845,
1060846,
1063154,
1069330,
1076901,
1128955,
1128958,
1059845,
206369,Oak Ridge National Laboratory
1185338,"Oak Ridge National Lab. (ORNL), Oak Ridge, TN (United States)"
1056399,
1056992,
1056994,
1056995,
1057496,
1057946,
1059725,
1061537,
1093061,
1122647,
814576,
1185334,
1136358,
1136359,
1136360,
1055125,
1055536,
1055548,
1056963,
1056989,
1056991,
1057502,
1062611,
1062630,
1081995,
1082004,
1093048,
1053840,
1055669,
677211,"Nuclear Regulatory Commission, Spent Fuel Project Office, Washington, DC (United States);Oak Ridge National Laboratory"
1052256,
1055079,
1055178,
1136356,
1220238,"Oak Ridge National Lab. (ORNL), Oak Ridge, TN (United States)"
1136357,
1052264,
1054973,
1055043,
1055086,
1055088,
1055102,
1055105,
1055120,
1057506,
1062603,
1081925,
1081998,
1082001,
1082009,
1148409,
1054145,
1054146,
1054147,
1050432,
1050395,
1050888,
1051451,
1052240,
1052267,
1052287,
1055065,
1055118,
1055535,
1062629,
1068078,
1072154,
1116471,
1128954,
1223060,"Oak Ridge National Lab. (ORNL), Oak Ridge, TN (United States)"
14619,"Oak Ridge National Lab., TN (US)"
14621,"Oak Ridge National Lab., TN (US)"
14608,"Oak Ridge National Lab., TN (US)"
14616,"Oak Ridge National Lab., TN (US)"
14611,"Oak Ridge National Lab., TN (US)"
10152366,Oak Ridge National Laboratory
1048150,
1048166,
1049107,
1050376,
1051448,
10148788,Oak Ridge National Laboratory
1054144,
1219730,"Oak Ridge National Lab. (ORNL), Oak Ridge, TN (United States)"
1039968,
1045235,
1047027,
1048729,
1050299,
1081893,
1081943,
1081950,
1054143,
663519,Oak Ridge National Laboratory
661511,"Oak Ridge National Lab., Carbon Dioxide Information Analysis Center, TN (United States)"
1148410,
1041433,
1042911,
1042920,
1043312,
1043315,
1043942,
1044666,
1044667,
1045233,
1047629,
1048714,
1050362,
1081899,
1081936,
1093715,
1032036,
1039240,
1039628,
1039630,
1042846,
1042885,
1042905,
1042917,
1042924,
1045855,
1045856,
1045857,
1045858,
1045859,
1047023,
1050345,
1055024,
1054142,
676892,"Oak Ridge National Lab., Carbon Dioxide Information Analysis Center, TN (United States);All-Russian Research Institute of Hydrometeorological Information--World Data Center, Obninsk (Russian Federation)"
656776,Oak Ridge National Laboratory
1038082,
1038474,
1038483,
1038484,
1038485,
1038799,
1038810,
1039236,
1039237,
1039242,
1039244,
1039957,
1042892,
1042901,
1042913,
1050900,
6848531,Oak Ridge National Laboratory. Carbon Dioxide Information Analysis Center
10106367,Oak Ridge National Laboratory. Carbon Dioxide Information Analysis Center
1037031,
1037628,
1037658,
1037662,
1038077,
1038078,
1038080,
1038476,
1039238,
1043941,
1050257,
1170198,
231980,Oak Ridge National Laboratory
10166702,Oak Ridge National Laboratory. Carbon Dioxide Information Analysis Center
7270665,Oak Ridge National Laboratory. Carbon Dioxide Information Analysis Center
1035578,
1035521,
1035823,
1035828,
1035834,
1036189,
1036210,
1036568,
1037036,
1037039,
1038807,
1110984,
1034011,
1033530,
1034382,
1035150,
1036187,
1039230,
1050393,
1050394,
1223632,"Oak Ridge National Lab. (ORNL), Oak Ridge, TN (United States)"
1032436,
1030608,
1030618,
1034378,
1035539,
1048711,
1050890,
1028753,
1028754,
1028762,
1028768,
1029225,
1029575,
1029576,
1029952,
1029954,
1030617,
1030625,
1034707,
1047007,
1047614,
1049790,
1036569,
1025816,
1025844,
1026738,
1027840,
1027841,
1028161,
1028163,
1028170,
1028171,
1028173,
1029224,
1034000,
1034377,
1035148,
1027864,
1027867,
6162145,"Oak Ridge National Lab., TN (USA)"
2953,
1185319,
1024216,
1024217,
1024278,
1024282,
1024283,
1024284,
1024704,
1025403,
1025840,
1025858,
1028168,
1034379,
1034380,
1038074,
1023322,
1135831,
1135832,
1022630,
1023318,
1023320,
1025410,
1042842,
10118987,Oak Ridge National Laboratory
6890360,"Oak Ridge National Lab., TN (USA)"
1025846,
1047606,
1018308,
1015677,
1016041,
1016055,
1017310,
1018616,
1018981,
1019348,
1051428,
1095696,
1134630,
10182495,Oak Ridge National Laboratory. Carbon Dioxide Information Analysis Center
1014030,
1219586,"Oak Ridge National Lab. (ORNL), Oak Ridge, TN (United States)"
1006466,
1016048,
1018268,
1027422,
1034662,
1035540,
1016603,
1016604,
1017313,
1023838,
1081663,
1007170,
1170196,
1134628,
1007833,
1007836,
1007837,
1007838,
1008834,
1008842,
1009487,
7101036,"Oak Ridge National Lab., Tenn. (USA)"
1005178,
1004442,
1004673,
1004961,
1004970,
1048704,
1081729,
1093025,
10146178,Oak Ridge National Laboratory
5252050,Oak Ridge National Laboratory
1045337,
1004966,
1003739,
1004443,
1061536,
1081683,
10139742,"Martin Marietta Energy Systems, Inc., Oak Ridge, TN (United States)"
1134625,
1000304,
1000415,
1008840,
1009485,
1210126,
992113,
993029,
993460,
1008841,
140497,"Oak Ridge National Laboratory; Science Applications International Corp., Pleasanton, CA (United States)"
990238,
990240,
991187,
991681,
991685,
993028,
1001301,
1004440,
1047604,
989472,
5033661,"Oak Ridge National Lab., TN (USA)"
6421605,"Oak Ridge National Lab., TN (USA)"
988228,
1134624,
988224,
988226,
988227,
988730,
989126,
989721,
989722,
992555,
1028737,
1081592,
5274131,"Oak Ridge National Lab., TN (USA)"
988340,
984782,
984396,
984777,
985285,
985292,
985293,
985781,
1000902,
1004658,
982750,
983832,
985766,
1081698,
983008,
983054,
982755,
982416,
982121,
982128,
983134,
985287,
5734605,"Oak Ridge National Lab., TN (USA)"
979629,
5392482,"Oak Ridge National Lab., TN (USA)"
979007,
6157567,"Oak Ridge National Lab., TN (USA)"
1004652,
1018269,
5257722,"Martin Marietta Energy Systems, Inc., Oak Ridge, TN (United States)"
10151295,"Martin Marietta Energy Systems, Inc., Oak Ridge, TN (United States)"
979628,
1218469,"Oak Ridge National Lab. (ORNL), Oak Ridge, TN (United States)"
977112,
978289,
979348,
980718,
1009915,
974225,
974226,
974621,
976046,
981442,
981443,
981444,
981784,
991662,
1027397,
1170194,
973132,
971591,
971594,
972306,
972310,
972312,
974633,
1000417,
1014222,
970905,
971232,
972025,
977116,
978820,
969663,
969956,
970898,
970911,
970913,
970924,
971595,
982103,
1024705,
1042754,
1056887,
6511176,"Oak Ridge National Lab., TN (USA)"
6673316,"Oak Ridge National Lab., TN (USA)"
7133229,"Oak Ridge National Lab., Tenn. (USA)"
970909,
970914,
970922,
971593,
973128,
975070,
1023815,
1039217,
1052595,
970910,
970918,
970919,
970920,
970923,
973936,
969961,
970899,
970902,
970912,
970915,
970921,
1014220,
969976,
970897,
970901,
6941801,"Oak Ridge National Lab., TN (USA)"
979218,
956962,
6819026,"Oak Ridge National Lab., TN (USA)"
970893,
970894,
1178927,
952516,
953188,
953658,
969948,
970880,
970882,
970884,
1014217,
950808,
950809,
951285,
951295,
951297,
951603,
951943,
951944,
949987,
958121,
950435,
950437,
950807,
951614,
969955,
969967,
993772,
1032793,
1170191,
5125048,"Oak Ridge National Lab., TN (USA). Nuclear Safety Information Center"
4463067,"Oak Ridge National Lab., Tenn."
947140,
947141,
947142,
947597,
948544,
948545,
948855,
950002,
969968,
939401,
947393,
946477,
948057,
951290,
969971,
969973,
5697827,"Oak Ridge National Lab., TN (USA)"
6587721,"Oak Ridge National Lab., TN (USA)"
947391,
944972,
944073,
942240,
944841,
945348,
946475,
946490,
948543,
983811,
1009908,
940822,
940800,
941043,
941052,
983127,
947392,
939651,
940336,
941045,
941054,
942239,
944108,
950000,
969960,
969964,
939648,
1183772,
1179076,
7302676,"Oak Ridge National Lab., TN (USA)"
944106,
949999,
992515,
937529,
938762,
939148,
939387,
939402,
958678,
7321738,"Oak Ridge National Lab., TN (USA)"
951084,
969958,
969959,
1004947,
936551,
938743,
7342781,"Oak Ridge National Lab., Tenn. (USA)"
940361,
969957,
934800,
934945,
935191,
935368,
7348399,"Oak Ridge National Lab., Tenn. (USA)"
939888,
940377,
939887,
939631,
940375,
940242,
7363693,"Oak Ridge National Lab., Tenn. (USA)"
951061,
969952,
932647,
932649,
933052,
5206731,"Oak Ridge National Lab., TN (USA)"
973932,
5330354,"Oak Ridge National Lab., TN (USA)"
6735525,"Oak Ridge National Lab., TN (USA)"
4784251,"Oak Ridge National Lab., Tenn."
928684,
969953,
931141,
931142,
931198,
931227,
932641,
932648,
938766,
1219587,"Oak Ridge National Lab. (ORNL), Oak Ridge, TN (United States)"
946754,
969943,
969950,
1001274,
1001275,
1027385,
929347,
931122,
931154,
931163,
932609,
6111022,"Oak Ridge National Lab., TN (USA)"
924080,
940247,
940312,
940309,
4482498,"Oak Ridge National Lab., Tenn."
974620,
931039,
931080,
931144,
931159,
932605,
1187880,
940311,
940355,
6355628,"Oak Ridge National Lab., TN (USA)"
931114,
931115,
932632,
921778,
940313,
988200,
1020814,
1042716,
1081802,
931066,
931110,
932626,
932634,
1154649,
921779,
940293,
940308,
941022,
929781,
931050,
931091,
932063,
932083,
932109,
932614,
921780,
5384991,"Oak Ridge National Lab., TN (USA)"
973115,
932112,
932118,
932128,
932640,
939388,
921766,
921767,
921781,
932949,
919455,
940253,
992087,
969945,
969946,
969947,
982717,
984745,
984746,
985266,
991174,
993004,
931049,
931810,
931836,
931851,
932107,
932142,
932630,
932633,
932635,
6305497,"Oak Ridge National Lab., TN (USA)"
940243,
969656,
969944,
1093012,
931804,
931809,
932617,
936789,
921783,
921784,
940307,
971208,
931656,
931692,
931748,
931811,
931817,
1218317,"Oak Ridge National Lab. (ORNL), Oak Ridge, TN (United States)"
940259,
940298,
939627,
940297,
6296181,"Oak Ridge National Lab., TN (USA)"
940301,
970866,
930881,
930916,
930960,
930983,
931590,
931799,
921782,
940291,
940304,
940302,
940250,
943531,
944099,
930931,
931511,
931549,
931583,
932611,
932612,
932616,
932624,
921785,
921887,
6596159,"Oak Ridge National Lab., TN (USA)"
902178,
930921,
931546,
930908,
931362,
931509,
931525,
932615,
921772,
901496,
969655,
972301,
930897,
931316,
931451,
7212672,"Oak Ridge National Lab., Tenn. (USA)"
7088493,"Oak Ridge National Lab., Tenn. (USA)"
5442872,"Oak Ridge National Lab., Tenn. (USA)"
7214136,"Oak Ridge National Lab., TN (USA)"
930795,
931299,
931554,
932607,
7112643,"Oak Ridge National Lab., TN (USA)"
7308557,"Oak Ridge National Lab., TN (USA)"
7113400,"Oak Ridge National Lab., TN (USA)"
940974,
940546,
930818,
931497,
921886,
947388,
940357,
5143429,"Oak Ridge National Lab., TN (USA)"
7231193,"Oak Ridge National Lab., Tenn. (USA)"
939626,
1129789,
947573,
969653,
974605,
974612,
974613,
931584,
921768,
921775,
900733,
7260750,"Oak Ridge National Lab., Tenn. (USA)"
947390,
895827,"Oak Ridge National Lab. (ORNL), Oak Ridge, TN (United States)"
60318,Oak Ridge National Laboratory
7176965,"Oak Ridge National Lab., Tenn. (USA)"
7176964,"Oak Ridge National Lab., Tenn. (USA)"
974615,
974616,
974618,
1093013,
1093014,
931526,
931859,
921769,
921774,
947389,
939889,
4138453,"Oak Ridge National Lab., Tenn."
921773,
901193,
1136738,
891260,
891263,
947572,
969652,
974604,
974607,
974608,
974614,
974617,
1052234,
930823,
932606,
1182194,
940261,
947387,
939629,
940314,
899168,
921776,
890618,
969651,
974600,
974601,
974602,
974603,
974610,
931351,
931951,
932604,
974597,
990680,
930750,
930825,
934797,
885151,
885152,
6352309,"Oak Ridge National Lab., TN (USA)"
974599,
974606,
890028,
890029,
947571,
974596,
974598,
930748,
921771,
940294,
969650,
974591,
974594,
974595,
974609,
930728,
930730,
930734,
931348,
1182012,
974590,
974592,
1096986,
940358,
890007,
974593,
930713,
931347,
940356,
974588,
981414,
940820,
1027383,
930854,
931597,
981415,
930957,
7094455,"Oak Ridge National Lab., TN (USA)"
1182145,
1024215,
1093000,
930700,
921777,
940362,
940371,
944563,
974576,
974577,
974578,
1111436,
929340,
1182202,
930692,
1178547,
939630,
974579,
974580,
890583,
1034357,
939383,
940295,
6102254,"Oak Ridge National Lab., TN (USA)"
838516,
838517,
838518,
862024,
930855,
940768,
944074,
974581,
974582,
1177680,
4077447,"Oak Ridge National Lab., Tenn."
1135815,
838102,
940219,
921770,
899757,
840086,
974611,
974583,
974584,
5315515,"Oak Ridge National Lab., Tenn. (USA)"
940310,
939890,
836171,
940244,
940296,
940300,
940385,
974585,
940303,
940252,
836172,
930698,
828924,
838101,
974586,
974587,
940299,
1184413,
940372,
840088,
956981,
940383,
890009,
838097,
1135811,
1219453,"Oak Ridge National Lab. (ORNL), Oak Ridge, TN (United States)"
840087,
1185196,
814407,
814408,
840085,
940541,
940373,
814512,
814044,
814185,
940257,
814390,
814494,
814536,
814564,
940544,
932951,
814517,
940543,
814217,
814608,
814118,
814136,
814553,
814555,
814630,
814066,
814215,
814516,
944075,
814286,
814140,
814267,
814264,
814214,
836170,
814477,
814349,
814666,
814042,
814464,
814178,
814493,
814088,
814188,
814335,
814172,
814474,
814459,
814610,
814326,
814166,
814235,
814438,
814069,
814542,
814208,
814423,
814573,
814651,
814165,
814312,
814644,
814222,
814139,
1187984,
814401,
814650,
814652,
814082,
814616,
814648,
814077,
814393,
940405,
814649,
814158,
814465,
814213,
814394,
940249,
814440,
814253,
814099,
814383,
874489,
940388,
940542,
814316,
814409,
814640,
814252,
814574,
814162,
814478,
814238,
814078,
814163,
814164,
814265,
940381,
814570,
814130,
814314,
814384,
814038,
814092,
814309,
940387,
814157,
814483,
814398,
814534,
814041,
814310,
814661,
814346,
814388,
814561,
814469,
814503,
814190,
814201,
814203,
814325,
814537,
814305,
814540,
814241,
814422,
814273,
814411,
814212,
814629,
814266,
940374,
814191,
814101,
814143,
814197,
814541,
814597,
814585,
814126,
814323,
814410,
814421,
814100,
814586,
814040,
814535,
814116,
814377,
814600,
814115,
814424,
814479,
814146,
814385,
814311,
814539,
814039,
814231,
814598,
814533,
814347,
814366,
814420,
814653,
814232,
814245,
814601,
814221,
814468,
814552,
814083,
814198,
814234,
814342,
789421,"Oak Ridge National Lab., TN (US)"
789424,"Oak Ridge National Lab., TN (US)"
814086,
814603,
789425,"Oak Ridge National Lab., TN (US)"
788901,"Oak Ridge National Lab., TN (US)"
788898,"Oak Ridge National Lab., TN (US)"
940406,
1134263,
814467,
814550,
814551,
788502,"Oak Ridge National Lab., TN (US)"
814124,
788661,"Oak Ridge National Lab., TN (US)"
788360,"Oak Ridge National Lab., TN (US)"
788506,"Oak Ridge National Lab., TN (US)"
788670,"Oak Ridge National Lab., TN (US)"
788356,"Oak Ridge National Lab., TN (US)"
814150,
814382,
814596,
787536,Oak Ridge National Lab. (US)
814492,
814617,
814647,
814154,
814155,
814219,
814291,
814307,
814315,
788359,"Oak Ridge National Lab., TN (US)"
814355,
788511,"Oak Ridge National Lab., TN (US)"
814599,
814272,
788355,"Oak Ridge National Lab., TN (US)"
814149,
787472,Oak Ridge National Lab. (US)
814211,
814147,
786763,"Oak Ridge National Lab., TN (US)"
814114,
814572,
788349,"Oak Ridge National Lab., TN (US)"
814595,
814425,
814151,
814271,
814488,
814370,
814233,
786477,
788350,"Oak Ridge National Lab., TN (US)"
788361,"Oak Ridge National Lab., TN (US)"
788507,"Oak Ridge National Lab., TN (US)"
814362,
814195,
789423,"Oak Ridge National Lab., TN (US)"
789427,"Oak Ridge National Lab., TN (US)"
788362,"Oak Ridge National Lab., TN (US)"
788560,"Oak Ridge National Lab., TN (US)"
814145,
788505,"Oak Ridge National Lab., TN (US)"
814059,
814556,
814450,
786332,
786754,
788553,"Oak Ridge National Lab., TN (US)"
788352,"Oak Ridge National Lab., TN (US)"
814472,
814282,
814594,
814525,
787471,Oak Ridge National Lab. (US)
814196,
814484,
814220,
940246,
814228,
786326,
814351,
814389,
814612,
940382,
786321,
788665,"Oak Ridge National Lab., TN (US)"
786329,
788357,"Oak Ridge National Lab., TN (US)"
786320,
814280,
786330,
788351,"Oak Ridge National Lab., TN (US)"
788353,"Oak Ridge National Lab., TN (US)"
814279,
814441,
814216,
786478,
814194,
814306,
787728,"Oak Ridge National Lab., TN (US)"
814391,
786753,
814636,
786322,
814244,
814372,
786324,
814473,
814248,
814392,
814463,
814531,
814403,
814117,
814602,
786752,
779795,"Oak Ridge National Lab., TN (US)"
814369,
814619,
779794,"Oak Ridge National Lab., TN (US)"
779693,"Oak Ridge National Lab., TN (US)"
779790,"Oak Ridge National Lab., TN (US)"
814361,
779690,"Oak Ridge National Lab., TN (US)"
779691,"Oak Ridge National Lab., TN (US)"
814227,
777622,"Oak Ridge National Lab., TN (US)"
814138,
814187,
777630,"Oak Ridge National Lab., TN (US)"
814371,
814439,
814471,
814111,
814593,
814110,
777650,"Oak Ridge National Lab., TN (US)"
777693,"Oak Ridge National Lab., TN (US)"
777774,"Oak Ridge National Lab., TN (US)"
814223,
777680,"Oak Ridge National Lab., TN (US)"
814524,
814530,
777636,"Oak Ridge National Lab., TN (US)"
814036,
776311,
814186,
814529,
777670,"Oak Ridge National Lab., TN (US)"
777703,"Oak Ridge National Lab., TN (US)"
777625,"Oak Ridge National Lab., TN (US)"
777695,"Oak Ridge National Lab., TN (US)"
777613,"Oak Ridge National Lab., TN (US)"
775411,"Oak Ridge National Lab., TN (US)"
777701,"Oak Ridge National Lab., TN (US)"
777679,"Oak Ridge National Lab., TN (US)"
814622,
814102,
814522,
777617,"Oak Ridge National Lab., TN (US)"
777709,"Oak Ridge National Lab., TN (US)"
777775,"Oak Ridge National Lab., TN (US)"
777628,"Oak Ridge National Lab., TN (US)"
777674,"Oak Ridge National Lab., TN (US)"
777688,"Oak Ridge National Lab., TN (US)"
777660,"Oak Ridge National Lab., TN (US)"
814226,
814381,
777609,"Oak Ridge National Lab., TN (US)"
777616,"Oak Ridge National Lab., TN (US)"
777667,"Oak Ridge National Lab., TN (US)"
814360,
777637,"Oak Ridge National Lab., TN (US)"
777661,"Oak Ridge National Lab., TN (US)"
777672,"Oak Ridge National Lab., TN (US)"
777694,"Oak Ridge National Lab., TN (US)"
814412,
814427,
814431,
777618,"Oak Ridge National Lab., TN (US)"
777635,"Oak Ridge National Lab., TN (US)"
777647,"Oak Ridge National Lab., TN (US)"
777651,"Oak Ridge National Lab., TN (US)"
777644,"Oak Ridge National Lab., TN (US)"
777668,"Oak Ridge National Lab., TN (US)"
777685,"Oak Ridge National Lab., TN (US)"
777702,"Oak Ridge National Lab., TN (US)"
814068,
777631,"Oak Ridge National Lab., TN (US)"
777659,"Oak Ridge National Lab., TN (US)"
777656,"Oak Ridge National Lab., TN (US)"
777654,"Oak Ridge National Lab., TN (US)"
814591,
777676,"Oak Ridge National Lab., TN (US)"
777698,"Oak Ridge National Lab., TN (US)"
777614,"Oak Ridge National Lab., TN (US)"
777646,"Oak Ridge National Lab., TN (US)"
777648,"Oak Ridge National Lab., TN (US)"
777649,"Oak Ridge National Lab., TN (US)"
777655,"Oak Ridge National Lab., TN (US)"
777769,"Oak Ridge National Lab., TN (US)"
777610,"Oak Ridge National Lab., TN (US)"
777612,"Oak Ridge National Lab., TN (US)"
777621,"Oak Ridge National Lab., TN (US)"
777623,"Oak Ridge National Lab., TN (US)"
777624,"Oak Ridge National Lab., TN (US)"
777634,"Oak Ridge National Lab., TN (US)"
777639,"Oak Ridge National Lab., TN (US)"
777640,"Oak Ridge National Lab., TN (US)"
777643,"Oak Ridge National Lab., TN (US)"
777645,"Oak Ridge National Lab., TN (US)"
777657,"Oak Ridge National Lab., TN (US)"
777662,"Oak Ridge National Lab., TN (US)"
777663,"Oak Ridge National Lab., TN (US)"
777666,"Oak Ridge National Lab., TN (US)"
777669,"Oak Ridge National Lab., TN (US)"
777671,"Oak Ridge National Lab., TN (US)"
777678,"Oak Ridge National Lab., TN (US)"
777682,"Oak Ridge National Lab., TN (US)"
777683,"Oak Ridge National Lab., TN (US)"
777684,"Oak Ridge National Lab., TN (US)"
777686,"Oak Ridge National Lab., TN (US)"
777689,"Oak Ridge National Lab., TN (US)"
777691,"Oak Ridge National Lab., TN (US)"
777696,"Oak Ridge National Lab., TN (US)"
777697,"Oak Ridge National Lab., TN (US)"
777700,"Oak Ridge National Lab., TN (US)"
777704,"Oak Ridge National Lab., TN (US)"
777710,"Oak Ridge National Lab., TN (US)"
777711,"Oak Ridge National Lab., TN (US)"
777771,"Oak Ridge National Lab., TN (US)"
814054,
772901,"Oak Ridge National Lab., TN (US)"
773302,"Oak Ridge National Lab., TN (US)"
774504,
873474,
814249,
799527,
799529,
814528,
814414,
814084,
814218,
769280,"Oak Ridge National Lab., TN (US)"
814523,
814055,
814526,
814299,
768440,"Oak Ridge National Lab., Oak Ridge, TN (US)"
814060,
769250,"Oak Ridge National Lab., TN (US)"
769301,"Oak Ridge National Lab., TN (US)"
814359,
814578,
814354,
814263,
814071,
814623,
814444,
814466,
814058,
814206,
769249,"Oak Ridge National Lab., TN (US)"
769252,"Oak Ridge National Lab., TN (US)"
769330,"Oak Ridge National Lab., TN (US)"
769361,"Oak Ridge National Lab., TN (US)"
768880,
768920,
814458,
814432,
814445,
763224,"Oak Ridge National Lab., TN (US)"
769243,"Oak Ridge National Lab., TN (US)"
769295,"Oak Ridge National Lab., TN (US)"
769296,"Oak Ridge National Lab., TN (US)"
769327,"Oak Ridge National Lab., TN (US)"
769160,"Oak Ridge National Lab., TN (US)"
814247,
814106,
814120,
814461,
755665,"Oak Ridge National Lab., TN (US)"
814240,
814548,
814518,
763206,"Oak Ridge National Lab., TN (US)"
763225,"Oak Ridge National Lab., TN (US)"
763226,"Oak Ridge National Lab., TN (US)"
763227,"Oak Ridge National Lab., TN (US)"
763236,"Oak Ridge National Lab., TN (US)"
760342,"Oak Ridge National Lab., TN (US)"
768822,"Oak Ridge National Lab., TN (US)"
769248,"Oak Ridge National Lab., TN (US)"
769255,"Oak Ridge National Lab., TN (US)"
769293,"Oak Ridge National Lab., TN (US)"
769366,"Oak Ridge National Lab., TN (US)"
769367,"Oak Ridge National Lab., TN (US)"
769300,"Oak Ridge National Lab., TN (US)"
769369,"Oak Ridge National Lab., TN (US)"
814072,
814615,
816185,
814293,
755653,"Oak Ridge National Lab., TN (US)"
762826,"Oak Ridge National Lab., TN (US)"
769298,"Oak Ridge National Lab., TN (US)"
940378,
940376,
768818,"Oak Ridge National Lab., TN (US)"
815159,
815790,
815164,
755662,"Oak Ridge National Lab., TN (US)"
755663,"Oak Ridge National Lab., TN (US)"
754816,"Oak Ridge National Lab., TN (US)"
814134,
815779,
815783,
815786,
814089,
814229,
763143,"Oak Ridge National Lab., TN (US)"
763170,"Oak Ridge National Lab., TN (US)"
763230,"Oak Ridge National Lab., TN (US)"
760251,"Oak Ridge National Lab., TN (US)"
760255,"Oak Ridge National Lab., TN (US)"
769289,"Oak Ridge National Lab., TN (US)"
769297,"Oak Ridge National Lab., TN (US)"
940379,
940380,
940386,
940904,
755666,"Oak Ridge National Lab., TN (US)"
815777,
814460,
814281,
814070,
820818,
814189,
751424,"Oak Ridge National Lab., TN (US)"
754812,"Oak Ridge National Lab., TN (US)"
754815,"Oak Ridge National Lab., TN (US)"
814402,
814076,
814128,
755534,"Oak Ridge National Lab., TN (US)"
763239,"Oak Ridge National Lab., TN (US)"
763240,"Oak Ridge National Lab., TN (US)"
760250,"Oak Ridge National Lab., TN (US)"
760546,"Oak Ridge National Lab., TN (US)"
763234,"Oak Ridge National Lab., TN (US)"
757303,"Oak Ridge National Lab., TN (US)"
755642,"Oak Ridge National Lab.,Lab., TN (US)"
814289,
814209,
814081,
814470,
755654,"Oak Ridge National Lab., TN (US)"
814387,
11022,"Oak Ridge National Lab., TN (US)"
755650,"Oak Ridge National Lab., TN (US)"
763140,"Oak Ridge National Lab., TN (US)"
763241,"Oak Ridge National Lab., TN (US)"
760511,"Oak Ridge National Lab., TN (US)"
760512,"Oak Ridge National Lab., TN (US)"
768805,"Oak Ridge National Lab., TN (US)"
1135805,
814626,
814133,
814073,
814613,
814205,
814811,
814808,
814183,
755652,"Oak Ridge National Lab., TN (US)"
814624,
755649,"Oak Ridge National Lab., TN (US)"
755660,"Oak Ridge National Lab., TN (US)"
814380,
814192,
14972,
814131,
751502,"Oak Ridge National Lab., TN (US)"
754356,"Oak Ridge National Lab., TN (US)"
754735,"Oak Ridge National Lab., TN (US)"
763169,"Oak Ridge National Lab., TN (US)"
763221,"Oak Ridge National Lab., TN (US)"
757394,"Oak Ridge National Lab., TN (US)"
757396,"Oak Ridge National Lab., TN (US)"
768802,"Oak Ridge National Lab., TN (US)"
768813,"Oak Ridge National Lab., TN (US)"
769321,"Oak Ridge National Lab., TN (US)"
769368,"Oak Ridge National Lab., TN (US)"
755668,"Oak Ridge National Lab., TN (US)"
816851,
816617,
814462,
814544,
751621,"Oak Ridge National Lab., Oak Ridge, TN (US)"
753365,"Oak Ridge National Lab., TN (US)"
754354,"Oak Ridge National Lab., TN (US)"
754357,"Oak Ridge National Lab., TN (US)"
754360,"Oak Ridge National Lab., TN (US)"
754361,"Oak Ridge National Lab., TN (US)"
752979,"Oak Ridge National Lab., TN (US)"
752980,"Oak Ridge National Lab., TN (US)"
752981,"Oak Ridge National Lab., TN (US)"
755533,"Oak Ridge National Lab., TN (US)"
755648,"Oak Ridge National Lab., TN (US)"
760252,"Oak Ridge National Lab., TN (US)"
760509,"Oak Ridge National Lab., TN (US)"
757308,"Oak Ridge National Lab., TN (US)"
768800,"Oak Ridge National Lab., TN (US)"
752984,"Oak Ridge National Lab., Oak Ridge, TN (US)"
755532,"Oak Ridge National Lab., TN (US)"
763204,"Oak Ridge National Lab., TN (US)"
752983,"Oak Ridge National Lab., TN (US)"
754363,"Oak Ridge National Lab., TN (US)"
814182,
751428,"Oak Ridge National Lab., TN (US)"
15052,"Oak Ridge National Lab., TN (US)"
816619,
814079,
14056,"Oak Ridge National Lab., TN (US)"
816191,
750963,"Oak Ridge National Lab., Oak Ridge, TN (US)"
750964,"Oak Ridge National Lab., Oak Ridge, TN (US)"
750965,"Oak Ridge National Lab., Oak Ridge, TN (US)"
750973,"Oak Ridge National Lab., TN (US)"
750982,"Oak Ridge National Lab., TN (US)"
750993,"Oak Ridge National Lab., TN (US)"
751401,"Oak Ridge National Lab., TN (US)"
751402,"Oak Ridge National Lab., TN (US)"
751403,"Oak Ridge National Lab., TN (US)"
753486,"Oak Ridge National Lab., TN (US)"
752982,"Oak Ridge National Lab., TN (US)"
760358,"Oak Ridge National Lab., TN (US)"
760360,"Oak Ridge National Lab., TN (US)"
760507,"Oak Ridge National Lab., TN (US)"
757326,"Oak Ridge National Lab., TN (US)"
750967,"Oak Ridge National Lab., Oak Ridge, TN (US)"
1135905,
754367,"Oak Ridge National Lab., TN (US)"
816161,
770427,
770428,
760343,"Oak Ridge National Lab., TN (US)"
814800,
750991,"Oak Ridge National Lab., Oak Ridge, TN (US)"
814817,
814830,
2931,"Oak Ridge National Lab., TN (US)"
751435,"Oak Ridge National Lab., TN (US)"
750980,"Oak Ridge National Lab., TN (US)"
750985,"Oak Ridge National Lab., TN (US)"
750987,"Oak Ridge National Lab., Oak Ridge, TN (US)"
750992,"Oak Ridge National Lab., Oak Ridge, TN (US)"
750994,"Oak Ridge National Lab., Oak Ridge, TN (US)"
751431,"Oak Ridge National Lab., TN (US)"
753367,"Oak Ridge National Lab., TN (US)"
760257,"Oak Ridge National Lab., TN (US)"
757311,"Oak Ridge National Lab., TN (US)"
750974,"Oak Ridge National Lab., TN (US); East Tennessee Technology Park, Oak Ridge, TN (US); Oak Ridge Y-12 Plant, Oak Ridge, TN (US)"
750975,"Oak Ridge National Lab., TN (US)"
6881,"Oak Ridge National Lab., TN (US)"
751481,"Oak Ridge National Lab., TN (US)"
751482,"Oak Ridge National Lab., TN (US)"
751483,"Oak Ridge National Lab., TN (US)"
751521,"Oak Ridge National Lab., TN (US)"
755658,"Oak Ridge National Lab., TN (US)"
755661,"Oak Ridge National Lab., TN (US)"
755667,"Oak Ridge National Lab., TN (US)"
814835,
814034,
9118,"Oak Ridge National Lab., TN (US)"
10781,"Oak Ridge National Lab., TN (US)"
11021,"Oak Ridge National Lab., TN (US)"
11471,"Oak Ridge National Lab., TN (US)"
9082,"Oak Ridge National Lab., TN (US)"
9280,"Oak Ridge National Lab., TN (US)"
9289,
10408,"Oak Ridge National Lab., TN (US)"
10411,"Oak Ridge National Lab., TN (US)"
15054,"Oak Ridge National Lab., TN (US)"
15055,"Oak Ridge National Lab., TN (US)"
755641,"Oak Ridge National Lab., TN (US)"
11465,"Oak Ridge National Lab., TN (US)"
751501,"Oak Ridge National Lab., TN (US)"
7463,
10460,"Oak Ridge National Lab., TN (US)"
15059,"Oak Ridge National Lab., TN (US)"
814457,
11468,"Oak Ridge National Lab., TN (US)"
15041,"Oak Ridge National Lab., TN (US)"
14112,"Oak Ridge National Lab., TN (US)"
750988,"Oak Ridge National Lab., Oak Ridge, TN (US)"
750990,"Oak Ridge National Lab., Oak Ridge, TN (US)"
750995,"Oak Ridge National Lab., TN (US)"
14348,"Oak Ridge National Lab., TN (US)"
14879,"Oak Ridge National Lab., TN (US)"
14979,"Oak Ridge National Lab., TN (US)"
14980,"Oak Ridge National Lab., TN (US)"
752077,
14505,"Oak Ridge National Lab., TN (US)"
760246,"Oak Ridge National Lab., TN (US)"
7835,
9763,
814048,
9069,
10191,"Oak Ridge National Lab., TN (US)"
15062,"Oak Ridge National Lab., TN (US)"
9732,
9839,
7953,
755643,"Oak Ridge National Lab., TN (US)"
14051,"Oak Ridge National Lab., TN (US)"
754814,"Oak Ridge National Lab., TN (US)"
14351,"Oak Ridge National Lab., TN (US)"
6222,
755659,"Oak Ridge National Lab., TN (US)"
15053,"Oak Ridge National Lab., TN (US)"
15061,"Oak Ridge National Lab., TN (US)"
15044,"Oak Ridge National Lab., TN (US)"
14111,"Oak Ridge National Lab., TN (US)"
750983,"Oak Ridge National Lab., TN (US)"
753485,"Oak Ridge National Lab., TN (US)"
760256,"Oak Ridge National Lab., TN (US)"
14313,"Oak Ridge National Lab., TN (US)"
14349,"Oak Ridge National Lab., TN (US)"
14978,"Oak Ridge National Lab., TN (US)"
14981,
1157069,
750989,"Oak Ridge National Lab., Oak Ridge, TN (US)"
14881,"Oak Ridge National Lab., TN (US)"
7956,
9361,
9731,
6249,
6557,
6558,
6573,
14055,"Oak Ridge National Lab., TN (US)"
6865,
7405,"Oak Ridge National Lab., TN (US)"
7425,
814805,
11007,"Oak Ridge National Lab., TN (US)"
9847,"Oak Ridge National Lab., TN (US)"
10994,"Oak Ridge National Lab., TN (US)"
7627,
7629,
7814,
7815,
7816,
7907,
6919,
7408,
7440,
7458,
7459,
7466,
754813,"Oak Ridge National Lab., TN (US)"
14355,"Oak Ridge National Lab., TN (US)"
14360,"Oak Ridge National Lab., TN (US)"
14361,"Oak Ridge National Lab., TN (US)"
7919,
10335,"Oak Ridge National Lab., TN (US)"
6868,"Oak Ridge National Lab., TN (US)"
14971,"Oak Ridge National Lab., TN (US)"
6568,"Oak Ridge National Lab., TN (US)"
14054,"Oak Ridge National Lab., TN (US)"
7837,
7947,
8190,
14364,"Oak Ridge National Lab., TN (US)"
8250,
9291,
9848,"Oak Ridge National Lab., TN (US)"
10472,"Oak Ridge National Lab., TN (US)"
14052,"Oak Ridge National Lab., TN (US)"
751601,"Oak Ridge National Lab., TN (US)"
755656,"Oak Ridge National Lab., TN (US)"
755657,"Oak Ridge National Lab., TN (US)"
14353,"Oak Ridge National Lab., TN (US)"
7908,
755669,"Oak Ridge National Lab., TN (US)"
14354,"Oak Ridge National Lab., TN (US)"
10724,"Oak Ridge National Lab., TN (US)"
12455,"Oak Ridge National Lab., TN (US)"
12456,"Oak Ridge National Lab., TN (US)"
12550,"Oak Ridge National Lab., TN (US)"
12551,"Oak Ridge National Lab., TN (US)"
9401,
15042,"Oak Ridge National Lab., TN (US)"
13418,"Oak Ridge National Lab., TN (US)"
14035,"Oak Ridge National Lab., TN (US)"
753366,"Oak Ridge National Lab., TN (US)"
754359,"Oak Ridge National Lab., TN (US)"
14314,"Oak Ridge National Lab., TN (US)"
14318,"Oak Ridge National Lab., TN (US)"
14912,"Oak Ridge National Lab., TN (US)"
14977,"Oak Ridge National Lab., TN (US)"
770425,
11470,"Oak Ridge National Lab., TN (US)"
7635,
10491,"Oak Ridge National Lab., TN (US)"
10492,
10536,"Oak Ridge National Lab., TN (US)"
4603,"Oak Ridge National Lab., TN (US)"
7434,
7457,
14357,"Oak Ridge National Lab., TN (US)"
11222,"Oak Ridge National Lab., TN (US)"
11335,"Oak Ridge National Lab., TN (US)"
7854,
7921,
7910,
10471,"Oak Ridge National Lab., TN (US)"
9148,
3459,"Oak Ridge National Lab., TN (US)"
9749,"Oak Ridge National Lab., TN (US)"
9885,"Oak Ridge National Lab., TN (US)"
751582,"Oak Ridge National Lab., TN (US)"
3929,"Oak Ridge National Lab., TN (US)"
10166,"Oak Ridge National Lab., TN (US)"
10159,"Oak Ridge National Lab., TN (US)"
7840,
8084,
12446,"Oak Ridge National Lab., TN (US)"
9380,"Oak Ridge National Lab., TN (US)"
9841,"Oak Ridge National Lab., TN (US)"
10167,"Oak Ridge National Lab., TN (US)"
6153,
3624,"Oak Ridge National Lab., TN (US)"
14108,"Oak Ridge National Lab., TN (US)"
750986,"Oak Ridge National Lab., Oak Ridge, TN (US)"
14982,"Oak Ridge National Lab., TN (US)"
10406,"Oak Ridge National Lab., TN (US)"
12532,"Oak Ridge National Lab., TN (US)"
753355,"Oak Ridge National Lab., TN (US)"
769362,"Oak Ridge National Lab., TN (US)"
4618,"Oak Ridge National Lab., TN (US)"
6570,
6257,
9120,
9119,
9123,"Oak Ridge National Lab., TN (US)"
9239,"Oak Ridge National Lab., TN (US)"
10476,
7633,
9130,
9397,"Oak Ridge National Lab., TN (US)"
9870,
9884,"Oak Ridge National Lab., TN (US)"
770447,
9402,
15056,"Oak Ridge National Lab., TN (US)"
15057,"Oak Ridge National Lab., TN (US)"
15058,"Oak Ridge National Lab., TN (US)"
3926,"Oak Ridge National Lab., TN (US)"
3442,"Oak Ridge National Lab., TN (US)"
7930,
8073,
6156,
6223,
6140,
10434,"Oak Ridge National Lab., TN (US)"
3923,"Oak Ridge National Lab., TN (US)"
6554,
6567,
6553,
6675,
10473,"Oak Ridge National Lab., TN (US)"
11315,"Oak Ridge National Lab., TN (US)"
9241,"Oak Ridge National Lab., TN (US)"
9288,"Oak Ridge National Lab., TN (US)"
9294,"Oak Ridge National Lab., TN (US)"
9796,"Oak Ridge National Lab., TN (US)"
9844,"Oak Ridge National Lab., TN (US)"
10160,"Oak Ridge National Lab., TN (US)"
10161,"Oak Ridge National Lab., TN (US)"
10163,"Oak Ridge National Lab., TN (US)"
10164,"Oak Ridge National Lab., TN (US)"
10165,"Oak Ridge National Lab., TN (US)"
755664,"Oak Ridge National Lab., TN (US)"
763391,"Oak Ridge National Lab., TN (US)"
10162,"Oak Ridge National Lab., TN (US)"
8836,"Oak Ridge National Lab., TN (US)"
11469,"Oak Ridge National Lab., TN (US)"
7853,
6230,
4590,"Oak Ridge National Lab., TN (US)"
14356,"Oak Ridge National Lab., TN (US)"
7631,
8082,
3917,"Oak Ridge National Lab., TN (US)"
3613,"Oak Ridge National Lab., TN (US)"
7929,
9563,
3462,"Oak Ridge National Lab., TN (US)"
7918,"Oak Ridge National Lab., TN (US)"
6262,"Oak Ridge National Lab., TN (US)"
6263,
9290,
9145,
7461,
7625,
7920,
6227,"Oak Ridge National Lab., TN (US)"
14358,"Oak Ridge National Lab., TN (US)"
9364,
4598,"Oak Ridge National Lab., TN (US)"
10537,"Oak Ridge National Lab., TN (US)"
15060,"Oak Ridge National Lab., TN (US)"
6556,
3446,"Oak Ridge National Lab., TN (US)"
7916,
4589,"Oak Ridge National Lab., TN (US)"
7818,"Oak Ridge National Lab., TN (US)"
7902,"Oak Ridge National Lab., TN (US)"
8339,"Oak Ridge National Lab., TN (US)"
8343,"Oak Ridge National Lab., TN (US)"
8345,"Oak Ridge National Lab., TN (US)"
12545,"Oak Ridge National Lab., TN (US)"
8816,"Oak Ridge National Lab., TN (US); Argonne National Lab., IL (US)"
8873,"Oak Ridge National Lab., TN (US)"
9041,"Oak Ridge National Lab., TN (US)"
9042,"Oak Ridge National Lab., TN (US)"
9139,"Oak Ridge National Lab., TN (US)"
9282,"Oak Ridge National Lab., TN (US)"
9292,
10339,"Oak Ridge National Lab., TN (US)"
10402,"Oak Ridge National Lab., TN (US)"
6917,
750981,"Oak Ridge National Lab., TN (US)"
940404,
8067,"Oak Ridge National Lab., TN (US)"
8924,"Oak Ridge National Lab., TN (US)"
14761,"Oak Ridge National Lab., TN (US)"
771200,"Oak Ridge National Lab., TN (US)"
770423,
1149259,
754817,"Oak Ridge National Lab., TN (US)"
6146,
6552,
3555,"Oak Ridge National Lab., TN (US)"
3556,
3610,
814239,
814357,
814395,
7855,
8065,
6265,
9121,
814521,
814243,
7852,
6551,
6932,
6228,
6251,
7829,
6930,
7630,
7911,"Oak Ridge National Lab., TN (US)"
7912,"Oak Ridge National Lab., TN (US)"
7913,"Oak Ridge National Lab., TN (US)"
8242,
8815,"Oak Ridge National Lab., TN (US)"
9037,"Oak Ridge National Lab., TN (US)"
9286,"Oak Ridge National Lab., TN (US)"
6716,"Oak Ridge National Lab., TN (US)"
6718,"Oak Ridge National Lab., TN (US)"
7011,
7207,"Oak Ridge National Lab., TN (US)"
7903,"Oak Ridge National Lab., TN (US)"
7834,
6252,
6253,
6267,
6555,
6560,
6566,
6569,
3466,"Oak Ridge National Lab., TN (US)"
3552,
3553,"Oak Ridge National Lab., TN (US)"
4616,"Oak Ridge National Lab., TN (US)"
4617,"Oak Ridge National Lab., TN (US)"
6877,
6660,"Oak Ridge National Lab., TN; University of Kentucky, Lexington, KY (US)"
6129,"Oak Ridge National Lab., TN (US)"
6131,
6229,
3464,"Oak Ridge National Lab., TN (US)"
3731,"Oak Ridge National Lab., TN (US)"
4593,"Oak Ridge National Lab., TN (US)"
7906,
9238,
7626,
7628,
8008,
8220,
8253,
9068,
9351,
9836,
1749,"Oak Ridge National Lab., TN (US)"
6564,
3551,"Oak Ridge National Lab., TN (US)"
6869,
9211,
10793,"Oak Ridge National Lab., TN (US)"
755655,"Oak Ridge National Lab., TN (US)"
7925,
9535,"Oak Ridge National Lab., TN (US)"
9536,"Oak Ridge National Lab., TN (US)"
10469,"Oak Ridge National Lab., TN (US)"
6225,
6258,"Oak Ridge National Lab., TN (US)"
3441,"Oak Ridge National Lab., TN (US)"
3457,"Oak Ridge National Lab., TN (US)"
6874,
6882,
6909,"Oak Ridge National Lab., TN (US)"
7914,"Oak Ridge National Lab., TN (US)"
8180,"Oak Ridge National Lab., TN (US)"
8971,"Oak Ridge National Lab., TN (US)"
15043,"Oak Ridge National Lab., TN (US)"
6583,
6655,
3732,"Oak Ridge National Lab., TN (US)"
5899,"Oak Ridge National Lab., TN (US)"
6658,"Oak Ridge National Lab., TN (US)"
6662,"Oak Ridge National Lab., TN (US)"
6666,"Oak Ridge National Lab., TN (US)"
6668,
6689,"Oak Ridge National Lab., TN (US)"
6717,"Oak Ridge National Lab., TN (US)"
6828,
8071,"Oak Ridge National Lab., TN (US)"
8179,"Oak Ridge National Lab., TN (US)"
6884,
8068,"Oak Ridge National Lab., TN (US)"
6254,
6256,"Oak Ridge National Lab., TN (US)"
6872,"Oak Ridge National Lab., TN (US)"
6873,
3733,"Oak Ridge National Lab., TN (US)"
3730,"Oak Ridge National Lab., TN (US)"
10479,
4371,"Oak Ridge National Lab., TN (US)"
2962,
2965,
3922,"Oak Ridge National Lab., TN (US)"
3914,"Oak Ridge National Lab., TN (US)"
3443,"Oak Ridge National Lab., TN (US)"
6563,"Oak Ridge National Lab., TN (US)"
8066,
770424,
4599,"Oak Ridge National Lab., TN (US)"
3735,"Oak Ridge National Lab., TN (US)"
9116,
6077,"Oak Ridge National Lab., TN (US)"
6078,"Oak Ridge National Lab., TN (US)"
6657,"Oak Ridge National Lab., TN (US)"
4204,"Oak Ridge National Lab., TN (US)"
4276,"Oak Ridge National Lab., TN (US)"
5052,"Oak Ridge National Lab., TN (US)"
5067,"Oak Ridge National Lab., TN (US)"
5698,"Oak Ridge National Lab., TN (US)"
5699,"Oak Ridge National Lab., TN (US)"
5707,"Oak Ridge National Lab., TN (US)"
5721,"Oak Ridge National Lab., TN (US)"
5824,"Oak Ridge National Lab., TN (US)"
5889,"Oak Ridge National Lab., TN (US)"
6659,"Oak Ridge National Lab., TN; University of Tennessee, Knoxville, TN (US)"
6661,"Oak Ridge National Lab., TN (US)"
325739,Oak Ridge National Laboratory
10129912,Oak Ridge National Laboratory
14760,"Oak Ridge National Lab., TN (US)"
2924,"Oak Ridge National Lab., TN (US)"
2925,"Oak Ridge National Lab., TN (US)"
3458,"Oak Ridge National Lab., TN (US)"
3463,"Oak Ridge National Lab., TN (US)"
3554,"Oak Ridge National Lab., TN (US)"
3616,"Oak Ridge National Lab., TN (US)"
3663,"Oak Ridge National Lab., TN (US)"
3741,"Oak Ridge National Lab., TN (US)"
3924,"Oak Ridge National Lab., TN (US)"
3925,
6863,"Oak Ridge National Lab., TN (US)"
9231,
3916,"Oak Ridge National Lab., TN (US)"
4313,"Oak Ridge National Lab., TN (US)"
3438,"Oak Ridge National Lab., TN (US)"
9200,"Oak Ridge National Lab., TN (US)"
12457,"Oak Ridge National Lab., TN (US)"
3719,"Oak Ridge National Lab., TN (US)"
3886,"Oak Ridge National Lab., TN (US)"
3972,"Oak Ridge National Lab., TN (US)"
5612,"Oak Ridge National Lab., TN (US)"
771129,"Oak Ridge National Lab., TN (US)"
768831,"Oak Ridge National Lab., TN (US)"
4538,"Oak Ridge National Lab., TN (US)"
5051,"Oak Ridge National Lab., TN (US)"
1737,
3465,"Oak Ridge National Lab., TN (US)"
4594,"Oak Ridge National Lab., TN (US)"
4595,"Oak Ridge National Lab., TN (US)"
6876,
10780,"Oak Ridge National Lab., TN (US)"
9348,
3728,"Oak Ridge National Lab., TN (US)"
3729,
3629,"Oak Ridge National Lab., TN (US)"
3655,"Oak Ridge National Lab., TN (US)"
6243,"Oak Ridge National Lab., TN (US)"
6245,
770442,
770443,
2723,
4356,"Oak Ridge National Lab., TN (US)"
4592,"Oak Ridge National Lab., TN (US)"
2979,
3140,"Oak Ridge National Lab., TN (US)"
3142,"Oak Ridge National Lab., TN (US)"
3427,
3660,"Oak Ridge National Lab., TN (US)"
4199,"Oak Ridge National Lab., TN (US)"
4273,"Oak Ridge National Lab., TN (US)"
755535,"Oak Ridge National Lab., TN (US)"
304009,Oak Ridge National Laboratory
814417,
814435,
814545,
814560,
814581,
814590,
814098,
814259,
814261,
304183,"Oak Ridge National Lab., Metals and Ceramics Div., TN (United States);Composite Technology Development, Inc., Lafayette, CO (United States)"
304192,Oak Ridge National Laboratory
594505,Oak Ridge National Laboratory
570187,"Lockheed Martin Energy Research, Inc., Oak Ridge, TN (United States); Lockheed Martin Energy Systems, Inc., Oak Ridge, TN (United States)"
555284,Oak Ridge National Laboratory
555471,Oak Ridge National Laboratory
560872,Oak Ridge National Laboratory
563241,Oak Ridge National Laboratory
563242,Oak Ridge National Laboratory
563243,Oak Ridge National Laboratory
563265,Oak Ridge National Laboratory
564171,Oak Ridge National Laboratory
770469,
1744,"Oak Ridge National Lab., TN (US)"
4597,"Oak Ridge National Lab., TN (US)"
1762,
2232,
2469,
2690,"Oak Ridge National Lab., TN (US)"
2923,"Oak Ridge National Lab., TN (US)"
3121,"Oak Ridge National Lab., TN (US)"
3122,"Oak Ridge National Lab., TN (US)"
6148,"Oak Ridge National Lab., TN (US)"
3297,"Oak Ridge National Lab., TN (US)"
3602,"Oak Ridge National Lab., TN (US)"
3144,"Oak Ridge National Lab., TN (US)"
5842,"Oak Ridge National Lab., TN (US)"
10430,"Oak Ridge National Lab., TN (US)"
2687,
3296,"Oak Ridge National Lab., TN (US)"
9525,
3460,"Oak Ridge National Lab., TN (US)"
3461,"Oak Ridge National Lab., TN (US)"
3626,"Oak Ridge National Lab., TN (US)"
3653,"Oak Ridge National Lab., TN (US)"
3656,"Oak Ridge National Lab., TN (US)"
3657,"Oak Ridge National Lab., TN (US)"
3658,"Oak Ridge National Lab., TN (US)"
3662,"Oak Ridge National Lab., TN (US)"
4531,"Oak Ridge National Lab., TN (US)"
2730,
2982,"Oak Ridge National Lab., TN (US)"
3928,"Oak Ridge National Lab., TN (US)"
2928,"Oak Ridge National Lab., TN (US)"
2932,
1751,
1756,
2929,"Oak Ridge National Lab., TN (US)"
2963,
6224,
3734,"Oak Ridge National Lab., TN (US)"
3740,"Oak Ridge National Lab., TN (US)"
4528,"Oak Ridge National Lab., TN (US)"
4542,"Oak Ridge National Lab., TN (US)"
6233,
1745,
2966,
1752,
2938,
2939,
2968,
2974,
1047,
2960,
1699,"Oak Ridge National Lab., TN (US)"
1700,
1912,
1914,
2097,
2228,
2732,
2922,"Oak Ridge National Lab., TN (US)"
2970,
2977,
2978,
3146,"Oak Ridge National Lab., TN (US)"
296745,Oak Ridge National Laboratory
296746,"Oak Ridge National Laboratory;General Atomics, San Diego, CA (United States)"
296897,Oak Ridge National Laboratory
303942,"Oak Ridge National Lab., Grand Junction, CO (United States)"
663585,Oak Ridge National Laboratory
665849,"Oak Ridge National Lab., Center for Engineering Systems Advanced Research, TN (United States)"
676870,"Oak Ridge National Lab., Metals and Ceramics Div., TN (United States)"
676871,"Oak Ridge National Lab., Metals and Ceramics Div., TN (United States);Oak Ridge Inst. for Science and Education, TN (United States)"
676872,Oak Ridge National Laboratory
676873,"Oak Ridge National Lab., Metals and Ceramics Div., TN (United States)"
676874,"Oak Ridge National Lab., Metals and Ceramics Div., TN (United States)"
676876,Oak Ridge National Laboratory
676878,Oak Ridge National Laboratory
676890,Oak Ridge National Laboratory
676937,"Oak Ridge National Lab., Life Sciences Div., TN (United States)"
676946,Oak Ridge National Laboratory
676963,Oak Ridge National Laboratory
676993,Oak Ridge National Laboratory
677104,Oak Ridge National Laboratory
677105,"Oak Ridge National Laboratory;Oak Ridge Inst. for Science and Education, TN (United States)"
677107,Oak Ridge National Laboratory
677108,"Oak Ridge Inst. for Science and Education, TN (United States);Oak Ridge National Laboratory;Univ. of Tennessee, Knoxville, TN (United States);Louisiana State Univ., Baton Rouge, LA (United States);Vanderbilt Univ., Nashville, TN (United Stat"
677109,Oak Ridge National Laboratory
677110,Oak Ridge National Laboratory
677111,"Oak Ridge National Laboratory;Yale Univ., New Haven, CT (United States);Tennessee Technological Univ., Cookeville, TN (United States)"
677127,Oak Ridge National Laboratory
672200,Oak Ridge National Laboratory
672206,Oak Ridge National Laboratory
672207,Oak Ridge National Laboratory
290817,Oak Ridge National Laboratory
290818,Oak Ridge National Laboratory
290819,Oak Ridge National Laboratory
290820,Oak Ridge National Laboratory
290821,Oak Ridge National Laboratory
290822,"Oak Ridge National Lab., Robotics and Process Systems Div., TN (United States)"
290824,Oak Ridge National Laboratory
290825,"Oak Ridge National Lab., Chemical Technology Div., TN (United States)"
290826,Oak Ridge National Laboratory
290922,Oak Ridge National Laboratory
290923,Oak Ridge National Laboratory
290924,"Oak Ridge National Lab., Metals and Ceramics Div., TN (United States)"
290925,Oak Ridge National Laboratory
290927,Oak Ridge National Laboratory
290928,"Oak Ridge National Lab., Metals and Ceramics Div., TN (United States)"
290929,Oak Ridge National Laboratory
290930,Oak Ridge National Laboratory
290931,Oak Ridge National Laboratory
290932,Oak Ridge National Laboratory
290933,Oak Ridge National Laboratory
290934,Oak Ridge National Laboratory
290935,Oak Ridge National Laboratory
290936,"Oak Ridge National Lab., Metals and Ceramics Div., TN (United States)"
290937,Oak Ridge National Laboratory
290938,Oak Ridge National Laboratory
290939,"Oak Ridge National Lab., Metals and Ceramics Div., TN (United States)"
290940,Oak Ridge National Laboratory
290965,Oak Ridge National Laboratory
290966,Oak Ridge National Laboratory
290967,"Oak Ridge National Lab., Environmental Sciences Div., TN (United States)"
290968,Oak Ridge National Laboratory
290969,Oak Ridge National Laboratory
291013,Oak Ridge National Laboratory
291014,Oak Ridge National Laboratory
291015,Oak Ridge National Laboratory
291016,"Oak Ridge National Laboratory;Pacific Northwest National Lab., Richland, WA (United States)"
291063,Oak Ridge National Laboratory
291064,Oak Ridge National Laboratory
291065,Oak Ridge National Laboratory
291066,Oak Ridge National Laboratory
291067,Oak Ridge National Laboratory
291068,Oak Ridge National Laboratory
291069,Oak Ridge National Laboratory
291070,"Oak Ridge National Lab., Metals and Ceramics Div., TN (United States)"
291071,Oak Ridge National Laboratory
291072,Oak Ridge National Laboratory
291073,Oak Ridge National Laboratory
291074,Oak Ridge National Laboratory
291075,Oak Ridge National Laboratory
291077,Oak Ridge National Laboratory
291078,"Oak Ridge National Lab., Physics Div., TN (United States)"
291079,"Oak Ridge National Lab., Physics Div., TN (United States)"
291082,Oak Ridge National Laboratory
291083,Oak Ridge National Laboratory
291084,Oak Ridge National Laboratory
291085,Oak Ridge National Laboratory
291086,"Oak Ridge National Lab., Computer Science and Mathematics Div., TN (United States)"
291087,Oak Ridge National Laboratory
291088,Oak Ridge National Laboratory
304156,"Nuclear Regulatory Commission, Safety Programs Div., Washington, DC (United States);Oak Ridge National Laboratory;Science Applications International Corp., Oak Ridge, TN (United States)"
677189,"Nuclear Regulatory Commission, Div. of Engineering Technology, Washington, DC (United States);Oak Ridge National Laboratory;Univ. of Illinois, Urbana, IL (United States)"
677200,"Oak Ridge National Lab., Physics Div., TN (United States);Univ. of Tennessee, Dept. of Physics, Knoxville, TN (United States)"
677201,"Oak Ridge National Lab., Computational Physics and Engineering Div., TN (United States)"
677202,"Oak Ridge National Lab., Computational Physics and Engineering Div., TN (United States)"
677203,"Oak Ridge National Lab., Computer Science and Mathematics Div., TN (United States)"
677204,"Oak Ridge National Lab., Physics Div., TN (United States)"
677205,"Oak Ridge National Lab., Computational Physics and Engineering Div., TN (United States)"
14759,"Oak Ridge National Lab., TN (US)"
676877,Oak Ridge National Laboratory
290926,"Oak Ridge National Lab., Metals and Ceramics Div., TN (United States)"
291080,Oak Ridge National Laboratory
1741,
1747,
1746,"Oak Ridge National Lab., TN (US)"
771128,"Oak Ridge National Lab., TN (US)"
3738,"Oak Ridge National Lab., TN (US)"
1742,
9084,
290827,Oak Ridge National Laboratory
304105,Oak Ridge National Laboratory
1708,"Oak Ridge National Lab., TN (US)"
1710,
1714,
1715,
1716,
2950,
6151,
3664,"Oak Ridge National Lab., TN (US)"
6867,
771127,"Oak Ridge National Lab., TN (US)"
1149262,
1754,"Oak Ridge National Lab., TN (US)"
2936,
2948,
3737,"Oak Ridge National Lab., TN (US)"
3739,"Oak Ridge National Lab., TN (US)"
2944,
1733,
1734,
1761,
2699,"Oak Ridge National Lab., TN (US)"
1300,
303941,Oak Ridge National Laboratory
674976,Oak Ridge National Laboratory
676982,"Oak Ridge National Lab., Transuranium Research Lab., TN (United States)"
674758,Oak Ridge National Laboratory
674759,Oak Ridge National Laboratory
674760,"Oak Ridge National Lab., Center for Computational Sciences, TN (United States)"
674761,Oak Ridge National Laboratory
978,"Oak Ridge National Lab., TN (US)"
1033,
2952,
4073,"Oak Ridge National Lab., TN (US)"
1736,
814449,
1049,
1769,"Oak Ridge National Lab., TN (US)"
1767,"Oak Ridge National Lab., TN (US)"
2934,
6248,
931,
2941,
2946,
2976,
1438,
2136,
2137,
1436,
676923,Oak Ridge National Laboratory
677113,Oak Ridge National Laboratory
666209,Oak Ridge National Laboratory
654029,Oak Ridge National Laboratory
671960,Oak Ridge National Laboratory
307886,Oak Ridge National Laboratory
296624,Oak Ridge National Laboratory
304103,Oak Ridge National Laboratory
304106,Oak Ridge National Laboratory
771196,"Oak Ridge National Lab., TN (US)"
1817,"Oak Ridge National Lab., TN (US)"
903,
905,
907,
1176,
1303,
1738,
1739,
1740,
3920,"Oak Ridge National Lab., TN (US)"
3444,"Oak Ridge National Lab., TN (US)"
3654,"Oak Ridge National Lab., TN (US)"
3742,"Oak Ridge National Lab., TN (US)"
4543,"Oak Ridge National Lab., TN (US)"
6927,
3918,"Oak Ridge National Lab., TN (US)"
1461,
3145,"Oak Ridge National Lab., TN (US)"
3887,"Oak Ridge National Lab., TN (US); Argonne National Lab., IL (US); Brookhaven National Lab., Upton, NY; Lawrence Berkeley National Lab., CA (US); Lawrence Livermore National Lab., CA (US)"
3945,"Oak Ridge National Lab., TN (US)"
296747,Oak Ridge National Laboratory
296883,Oak Ridge National Laboratory
676996,Oak Ridge National Laboratory
676999,"Oak Ridge National Lab., Energy Div., TN (United States)"
677001,Oak Ridge National Laboratory
677117,Oak Ridge National Laboratory
677119,Oak Ridge National Laboratory
665975,Oak Ridge National Laboratory
665976,Oak Ridge National Laboratory
665977,Oak Ridge National Laboratory
665978,"Oak Ridge National Lab., Chemical Technology Div., TN (United States)"
666161,"Oak Ridge National Lab., Instrumentation and Controls Div., TN (United States)"
666162,"Oak Ridge National Lab., Computational Physics and Engineering Div., TN (United States)"
666163,Oak Ridge National Laboratory
666164,Oak Ridge National Laboratory
666165,Oak Ridge National Laboratory
666286,Oak Ridge National Laboratory
666287,Oak Ridge National Laboratory
290830,Oak Ridge National Laboratory
290832,Oak Ridge National Laboratory
290941,Oak Ridge National Laboratory
310024,Oak Ridge National Laboratory
291081,Oak Ridge National Laboratory
304016,Oak Ridge National Laboratory
304018,Oak Ridge National Laboratory
304104,Oak Ridge National Laboratory
304107,Oak Ridge National Laboratory
304108,Oak Ridge National Laboratory
661618,Oak Ridge National Laboratory
661620,Oak Ridge National Laboratory
661622,Oak Ridge National Laboratory
661624,Oak Ridge National Laboratory
663274,Oak Ridge National Laboratory
663275,Oak Ridge National Laboratory
296856,Oak Ridge National Laboratory
296857,Oak Ridge National Laboratory
290971,Oak Ridge National Laboratory
676905,"Oak Ridge National Lab., Grand Junction, CO (United States)"
14758,"Oak Ridge National Lab., TN (US)"
303938,Oak Ridge National Laboratory
304017,"Oak Ridge National Laboratory;West Virginia Univ., Morgantown, WV (United States)"
676997,Oak Ridge National Laboratory
296739,Oak Ridge National Laboratory
296853,Oak Ridge National Laboratory
296854,Oak Ridge National Laboratory
296855,Oak Ridge National Laboratory
303934,Oak Ridge National Laboratory
303940,Oak Ridge National Laboratory
663608,"Oak Ridge National Lab., Computer Science and Mathematics Div., TN (United States)"
638207,"Oak Ridge National Lab., Oak Ridge Centers for Manufacturing Technology, TN (United States)"
638208,Oak Ridge National Laboratory
656542,"Oak Ridge National Lab., Bioprocessing Research and Development Center, TN (United States)"
656543,"Oak Ridge National Lab., Energy Div., TN (United States)"
676929,"Oak Ridge National Lab., Environmental Sciences Div., TN (United States)"
677115,Oak Ridge National Laboratory
666251,"Oak Ridge National Lab., Grand Junction, CO (United States)"
290829,"Oak Ridge National Lab., Center for Engineering Systems Advanced Research, TN (United States)"
290831,Oak Ridge National Laboratory
290833,Oak Ridge National Laboratory
291076,"Oak Ridge National Lab., Solid State Div., TN (United States)"
291089,Oak Ridge National Laboratory
296612,Oak Ridge National Laboratory
296735,Oak Ridge National Laboratory
304092,Oak Ridge National Laboratory
663242,"Oak Ridge National Lab., Computer Science and Mathematics Div., TN (United States)"
663388,Oak Ridge National Laboratory
656702,Oak Ridge National Laboratory
656704,Oak Ridge National Laboratory
656848,Oak Ridge National Laboratory
656856,"Oak Ridge National Labs., TN (United States)"
656857,Oak Ridge National Laboratory
656858,"Oak Ridge National Lab., Energy Div., TN (United States)"
656859,Oak Ridge National Laboratory
638192,Oak Ridge National Laboratory
677000,Oak Ridge National Laboratory
677118,Oak Ridge National Laboratory
656703,Oak Ridge National Laboratory
672183,Oak Ridge National Laboratory
296618,Oak Ridge National Laboratory
1437,"Oak Ridge National Lab., TN (US)"
2980,
11010,"Oak Ridge National Lab., TN (US)"
9122,
9117,
1050,
303935,Oak Ridge National Laboratory
663504,Oak Ridge National Laboratory
663527,Oak Ridge National Laboratory
663540,Oak Ridge National Laboratory
665852,Oak Ridge National Laboratory
665853,Oak Ridge National Laboratory
665854,Oak Ridge National Laboratory
639778,Oak Ridge National Laboratory
642773,Oak Ridge National Laboratory
656685,Oak Ridge National Laboratory
677112,"Oak Ridge National Lab., Solid State Div., TN (United States)"
677116,Oak Ridge National Laboratory
652930,Oak Ridge National Laboratory
654015,Oak Ridge National Laboratory
654030,Oak Ridge National Laboratory
654060,Oak Ridge National Laboratory
654061,Oak Ridge National Laboratory
755536,"Oak Ridge National Lab., TN (US)"
672157,"Oak Ridge National Lab., Buildings Technology Center, TN (United States)"
290972,"Oak Ridge National Lab., Grand Junction, CO (United States)"
307860,Oak Ridge National Laboratory
296616,Oak Ridge National Laboratory
304025,Oak Ridge National Laboratory
304072,"Oak Ridge National Lab., Carbon Dioxide Information Analysis Center, TN (United States)"
658269,Oak Ridge National Laboratory
658315,"Oak Ridge National Lab., Energy Div., TN (United States)"
658429,Oak Ridge National Laboratory
658452,"Oak Ridge National Laboratory;General Atomics, San Diego, CA (United States)"
661540,Oak Ridge National Laboratory
661571,Oak Ridge National Laboratory
661665,Oak Ridge National Laboratory
661667,Oak Ridge National Laboratory
661669,Oak Ridge National Laboratory
661671,Oak Ridge National Laboratory
661676,"Oak Ridge National Lab., Physics Div., TN (United States)"
663181,Oak Ridge National Laboratory
663271,"Oak Ridge National Lab., Metals and Ceramics Div., TN (United States)"
663349,Oak Ridge National Laboratory
663350,Oak Ridge National Laboratory
663351,"Oak Ridge National Laboratory;Dept. of Energy, Oak Ridge Operations Office, TN (United States)"
663352,Oak Ridge National Laboratory
663355,Oak Ridge National Laboratory
661431,Oak Ridge National Laboratory
661435,Oak Ridge National Laboratory
661438,"Oak Ridge National Lab., Chemical and Analytical Sciences Div., TN (United States)"
656876,Oak Ridge National Laboratory
620954,Oak Ridge National Laboratory
624023,Oak Ridge National Laboratory
624024,Oak Ridge National Laboratory
638188,"Oak Ridge National Lab., Chemical Technology Div., TN (United States)"
638197,"Oak Ridge National Lab., Buildings Technology Center, TN (United States)"
626474,Oak Ridge National Laboratory
629973,Oak Ridge National Laboratory
661536,"Oak Ridge National Lab., Environmental Sciences Div., TN (United States)"
658453,Oak Ridge National Laboratory
663243,"Oak Ridge National Lab., TN (US)"
663409,"Oak Ridge National Laboratory;Foster Wheeler Development Corp., Livingston, NJ (United States)"
296736,Oak Ridge National Laboratory
10135507,Oak Ridge National Laboratory
296887,Oak Ridge National Laboratory
770446,
1149258,
296613,"Oak Ridge National Laboratory; Savannah River Site (SRS), Aiken, SC (United States); Los Alamos National Lab. (LANL), Los Alamos, NM (United States)"
654016,Oak Ridge National Laboratory
2927,"Oak Ridge National Lab., TN (US)"
653984,"Oak Ridge National Laboratory;CDM Federal Programs Corp., Oak Ridge, TN (United States)"
1285,
658430,Oak Ridge National Laboratory
650277,"Oak Ridge National Lab., Solid State Div., TN (United States)"
8181,"Oak Ridge National Lab., TN (US)"
303936,Oak Ridge National Laboratory
663407,"Oak Ridge National Laboratory;Univ. of Tennessee, Knoxville, TN (United States)"
663598,"Oak Ridge National Laboratory;Bob Lawrence and Associates, Inc., Alexandria, VA (United States)"
677114,Oak Ridge National Laboratory
650382,Oak Ridge National Laboratory
650383,Oak Ridge National Laboratory
654014,Oak Ridge National Laboratory
654017,Oak Ridge National Laboratory
654019,Oak Ridge National Laboratory
654020,Oak Ridge National Laboratory
671924,Oak Ridge National Laboratory
671934,Oak Ridge National Laboratory
671935,Oak Ridge National Laboratory
671937,Oak Ridge National Laboratory
672031,Oak Ridge National Laboratory
672051,Oak Ridge National Laboratory
672052,"Oak Ridge National Lab., Solid State Div., TN (United States)"
672060,Oak Ridge National Laboratory
672064,"Oak Ridge National Laboratory;Lawrence Livermore National Lab., CA (United States);General Atomics, San Diego, CA (United States)"
672065,Oak Ridge National Laboratory
290942,"Oak Ridge National Laboratory;Boston Univ., MA (United States)"
314155,"Oak Ridge National Lab., Life Sciences Div., Grand Junction, CO (United States)"
296610,Oak Ridge National Laboratory
296614,Oak Ridge National Laboratory
658130,"Oak Ridge National Lab., Chemistry Div., TN (United States)"
658211,Oak Ridge National Laboratory
658212,"Oak Ridge National Lab., Metals and Ceramics Div., TN (United States)"
658233,Oak Ridge National Laboratory
658234,Oak Ridge National Laboratory
658281,"Oak Ridge National Lab., Instrumentation and Controls Div., TN (United States)"
658309,"Nuclear Regulatory Commission, Division of Engineering Technology, Washington, DC (United States);Oak Ridge National Laboratory"
658424,Oak Ridge National Laboratory
658435,Oak Ridge National Laboratory
658436,Oak Ridge National Laboratory
645477,Oak Ridge National Laboratory
645518,Oak Ridge National Laboratory
594427,Oak Ridge National Laboratory
598380,"CDM Federal Programs Corp., Oak Ridge, TN (United States)"
663244,Oak Ridge National Laboratory
629461,Oak Ridge National Laboratory
629462,Oak Ridge National Laboratory
663485,"Oak Ridge National Laboratory;XL Associates, Inc., Oak Ridge, TN (United States)"
638179,"Oak Ridge National Lab., Carbon Dioxide Information Analysis Center, TN (US)"
663484,"Oak Ridge National Lab., TN (US)"
661673,Oak Ridge National Laboratory
3045,
654028,Oak Ridge National Laboratory
1949,
1961,
296738,Oak Ridge National Laboratory
296852,"Oak Ridge National Lab., Environmental Sciences Div., TN (United States)"
296859,Oak Ridge National Laboratory
638258,Oak Ridge National Laboratory
654192,Oak Ridge National Laboratory
656516,"Oak Ridge National Laboratory;Texas A and M Univ., College Station, TX (United States)"
650301,Oak Ridge National Laboratory
650302,Oak Ridge National Laboratory
650309,Oak Ridge National Laboratory
653985,Oak Ridge National Laboratory
671904,Oak Ridge National Laboratory
671936,Oak Ridge National Laboratory
672024,"Oak Ridge National Lab., Physics Div., TN (United States);National Inst. of Standards and Technology, Boulder, CO (United States)"
672028,Oak Ridge National Laboratory
672053,Oak Ridge National Laboratory
672055,Oak Ridge National Laboratory
672057,Oak Ridge National Laboratory
672058,Oak Ridge National Laboratory
672061,Oak Ridge National Laboratory
